测试类型,文件,编号,推荐分,特征标签,回放链接,json绝对地址,数据目录,类型,总赢,倍率,请求数,掉落次数,补牌总数,消除位置总数,wp中奖位置总数,wild总数(可见盘面),单次最大wild数(可见盘面),是否免费旋转,免费送胡,是否金色百搭,中奖线,Scatter,起始SID,结束SID,spinId,起始余额,结束余额,为什么要测
Big Win,079.json,79,135,金色/百搭,https://fish-games.s3.amazonaws.com/MahjongWays2/index.html?env=ceshislot.osshaiwai.com&hasFloat=0&token=436475c81b51e6893c740657870f86b7&language=en&debug=1&debugDataPath=https://raw.githubusercontent.com/jygameclub/testdataapi/main/mahjong2date/0525_0526&debugStart=79,https://raw.githubusercontent.com/jygameclub/testdataapi/main/mahjong2date/0525_0526/079.json,https://raw.githubusercontent.com/jygameclub/testdataapi/main/mahjong2date/0525_0526,Big Win,1026.00,25.65,4,3,20,22,22,2,2,否,否,是,2,1,672635,672641,1779439350030f0145bae1b54679e257aba4404523f41,1655794.0,1656780.0,Big Win / 4段连消/续转 / 金色符号/百搭转换
连消/掉落,037.json,37,90,金色/百搭,https://fish-games.s3.amazonaws.com/MahjongWays2/index.html?env=ceshislot.osshaiwai.com&hasFloat=0&token=436475c81b51e6893c740657870f86b7&language=en&debug=1&debugDataPath=https://raw.githubusercontent.com/jygameclub/testdataapi/main/mahjong2date/0525_0526&debugStart=37,https://raw.githubusercontent.com/jygameclub/testdataapi/main/mahjong2date/0525_0526/037.json,https://raw.githubusercontent.com/jygameclub/testdataapi/main/mahjong2date/0525_0526,普通中奖,144.00,3.60,4,3,22,25,29,3,2,否,否,是,3,0,672522,672529,1779439178613f0145bae1b54679e257aba4404523f41,1656884.0,1656988.0,4段连消/续转 / 金色符号/百搭转换 / 多线中奖 3线
连消/掉落,045.json,45,75,金色/百搭,https://fish-games.s3.amazonaws.com/MahjongWays2/index.html?env=ceshislot.osshaiwai.com&hasFloat=0&token=436475c81b51e6893c740657870f86b7&language=en&debug=1&debugDataPath=https://raw.githubusercontent.com/jygameclub/testdataapi/main/mahjong2date/0525_0526&debugStart=45,https://raw.githubusercontent.com/jygameclub/testdataapi/main/mahjong2date/0525_0526/045.json,https://raw.githubusercontent.com/jygameclub/testdataapi/main/mahjong2date/0525_0526,普通中奖,216.00,5.40,2,1,9,10,10,1,1,否,否,是,1,2,672552,672553,1779439218430f0145bae1b54679e257aba4404523f41,1656812.0,1656988.0,2段连消/续转 / 金色符号/百搭转换
连消/掉落,038.json,38,75,金色/百搭,https://fish-games.s3.amazonaws.com/MahjongWays2/index.html?env=ceshislot.osshaiwai.com&hasFloat=0&token=436475c81b51e6893c740657870f86b7&language=en&debug=1&debugDataPath=https://raw.githubusercontent.com/jygameclub/testdataapi/main/mahjong2date/0525_0526&debugStart=38,https://raw.githubusercontent.com/jygameclub/testdataapi/main/mahjong2date/0525_0526/038.json,https://raw.githubusercontent.com/jygameclub/testdataapi/main/mahjong2date/0525_0526,普通中奖,96.00,2.40,2,1,8,8,8,0,0,否,否,是,1,1,672531,672533,1779439190180f0145bae1b54679e257aba4404523f41,1656988.0,1657044.0,2段连消/续转 / 金色符号/百搭转换
连消/掉落,097.json,97,75,金色/百搭,https://fish-games.s3.amazonaws.com/MahjongWays2/index.html?env=ceshislot.osshaiwai.com&hasFloat=0&token=436475c81b51e6893c740657870f86b7&language=en&debug=1&debugDataPath=https://raw.githubusercontent.com/jygameclub/testdataapi/main/mahjong2date/0525_0526&debugStart=97,https://raw.githubusercontent.com/jygameclub/testdataapi/main/mahjong2date/0525_0526/097.json,https://raw.githubusercontent.com/jygameclub/testdataapi/main/mahjong2date/0525_0526,普通中奖,84.00,2.10,4,3,17,18,18,1,1,否,否,是,2,1,673035,673042,1779439962967f0145bae1b54679e257aba4404523f41,1656422.0,1656466.0,4段连消/续转 / 金色符号/百搭转换
连消/掉落,091.json,91,75,金色/百搭,https://fish-games.s3.amazonaws.com/MahjongWays2/index.html?env=ceshislot.osshaiwai.com&hasFloat=0&token=436475c81b51e6893c740657870f86b7&language=en&debug=1&debugDataPath=https://raw.githubusercontent.com/jygameclub/testdataapi/main/mahjong2date/0525_0526&debugStart=91,https://raw.githubusercontent.com/jygameclub/testdataapi/main/mahjong2date/0525_0526/091.json,https://raw.githubusercontent.com/jygameclub/testdataapi/main/mahjong2date/0525_0526,普通中奖,80.00,2.00,2,1,7,7,7,0,0,否,否,是,1,1,673007,673009,1779439929450f0145bae1b54679e257aba4404523f41,1656484.0,1656524.0,2段连消/续转 / 金色符号/百搭转换
连消/掉落,094.json,94,75,金色/百搭,https://fish-games.s3.amazonaws.com/MahjongWays2/index.html?env=ceshislot.osshaiwai.com&hasFloat=0&token=436475c81b51e6893c740657870f86b7&language=en&debug=1&debugDataPath=https://raw.githubusercontent.com/jygameclub/testdataapi/main/mahjong2date/0525_0526&debugStart=94,https://raw.githubusercontent.com/jygameclub/testdataapi/main/mahjong2date/0525_0526/094.json,https://raw.githubusercontent.com/jygameclub/testdataapi/main/mahjong2date/0525_0526,普通中奖,72.00,1.80,2,1,8,8,8,0,0,否,否,是,1,0,673022,673024,1779439947634f0145bae1b54679e257aba4404523f41,1656464.0,1656496.0,2段连消/续转 / 金色符号/百搭转换
连消/掉落,084.json,84,75,金色/百搭,https://fish-games.s3.amazonaws.com/MahjongWays2/index.html?env=ceshislot.osshaiwai.com&hasFloat=0&token=436475c81b51e6893c740657870f86b7&language=en&debug=1&debugDataPath=https://raw.githubusercontent.com/jygameclub/testdataapi/main/mahjong2date/0525_0526&debugStart=84,https://raw.githubusercontent.com/jygameclub/testdataapi/main/mahjong2date/0525_0526/084.json,https://raw.githubusercontent.com/jygameclub/testdataapi/main/mahjong2date/0525_0526,普通中奖,64.00,1.60,4,3,12,13,14,1,1,否,否,是,2,1,672672,672681,1779439391664f0145bae1b54679e257aba4404523f41,1656644.0,1656668.0,4段连消/续转 / 金色符号/百搭转换
连消/掉落,087.json,87,75,金色/百搭,https://fish-games.s3.amazonaws.com/MahjongWays2/index.html?env=ceshislot.osshaiwai.com&hasFloat=0&token=436475c81b51e6893c740657870f86b7&language=en&debug=1&debugDataPath=https://raw.githubusercontent.com/jygameclub/testdataapi/main/mahjong2date/0525_0526&debugStart=87,https://raw.githubusercontent.com/jygameclub/testdataapi/main/mahjong2date/0525_0526/087.json,https://raw.githubusercontent.com/jygameclub/testdataapi/main/mahjong2date/0525_0526,普通中奖,56.00,1.40,2,1,12,12,12,0,0,否,否,是,2,2,672693,672695,1779439409547f0145bae1b54679e257aba4404523f41,1656588.0,1656604.0,2段连消/续转 / 金色符号/百搭转换
连消/掉落,003.json,3,75,金色/百搭,https://fish-games.s3.amazonaws.com/MahjongWays2/index.html?env=ceshislot.osshaiwai.com&hasFloat=0&token=436475c81b51e6893c740657870f86b7&language=en&debug=1&debugDataPath=https://raw.githubusercontent.com/jygameclub/testdataapi/main/mahjong2date/0525_0526&debugStart=3,https://raw.githubusercontent.com/jygameclub/testdataapi/main/mahjong2date/0525_0526/003.json,https://raw.githubusercontent.com/jygameclub/testdataapi/main/mahjong2date/0525_0526,普通中奖,52.00,1.30,3,2,10,10,10,0,0,否,否,是,1,0,672444,672447,1779439046080f0145bae1b54679e257aba4404523f41,1658064.0,1658076.0,3段连消/续转 / 金色符号/百搭转换
连消/掉落,031.json,31,75,金色/百搭,https://fish-games.s3.amazonaws.com/MahjongWays2/index.html?env=ceshislot.osshaiwai.com&hasFloat=0&token=436475c81b51e6893c740657870f86b7&language=en&debug=1&debugDataPath=https://raw.githubusercontent.com/jygameclub/testdataapi/main/mahjong2date/0525_0526&debugStart=31,https://raw.githubusercontent.com/jygameclub/testdataapi/main/mahjong2date/0525_0526/031.json,https://raw.githubusercontent.com/jygameclub/testdataapi/main/mahjong2date/0525_0526,普通中奖,48.00,1.20,2,1,7,7,7,0,0,否,否,是,1,1,672508,672509,1779439156130f0145bae1b54679e257aba4404523f41,1657076.0,1657084.0,2段连消/续转 / 金色符号/百搭转换
连消/掉落,057.json,57,75,金色/百搭,https://fish-games.s3.amazonaws.com/MahjongWays2/index.html?env=ceshislot.osshaiwai.com&hasFloat=0&token=436475c81b51e6893c740657870f86b7&language=en&debug=1&debugDataPath=https://raw.githubusercontent.com/jygameclub/testdataapi/main/mahjong2date/0525_0526&debugStart=57,https://raw.githubusercontent.com/jygameclub/testdataapi/main/mahjong2date/0525_0526/057.json,https://raw.githubusercontent.com/jygameclub/testdataapi/main/mahjong2date/0525_0526,普通中奖,48.00,1.20,2,1,6,6,6,0,0,否,否,是,1,1,672581,672582,1779439267747f0145bae1b54679e257aba4404523f41,1656564.0,1656572.0,2段连消/续转 / 金色符号/百搭转换
连消/掉落,066.json,66,75,金色/百搭,https://fish-games.s3.amazonaws.com/MahjongWays2/index.html?env=ceshislot.osshaiwai.com&hasFloat=0&token=436475c81b51e6893c740657870f86b7&language=en&debug=1&debugDataPath=https://raw.githubusercontent.com/jygameclub/testdataapi/main/mahjong2date/0525_0526&debugStart=66,https://raw.githubusercontent.com/jygameclub/testdataapi/main/mahjong2date/0525_0526/066.json,https://raw.githubusercontent.com/jygameclub/testdataapi/main/mahjong2date/0525_0526,普通中奖,48.00,1.20,2,1,7,7,7,0,0,否,否,是,1,0,672597,672599,1779439302514f0145bae1b54679e257aba4404523f41,1656262.0,1656270.0,2段连消/续转 / 金色符号/百搭转换
连消/掉落,013.json,13,75,金色/百搭,https://fish-games.s3.amazonaws.com/MahjongWays2/index.html?env=ceshislot.osshaiwai.com&hasFloat=0&token=436475c81b51e6893c740657870f86b7&language=en&debug=1&debugDataPath=https://raw.githubusercontent.com/jygameclub/testdataapi/main/mahjong2date/0525_0526&debugStart=13,https://raw.githubusercontent.com/jygameclub/testdataapi/main/mahjong2date/0525_0526/013.json,https://raw.githubusercontent.com/jygameclub/testdataapi/main/mahjong2date/0525_0526,普通中奖,30.00,0.75,2,1,6,6,6,0,0,否,否,是,1,1,672461,672462,1779439089529f0145bae1b54679e257aba4404523f41,1657728.0,1657718.0,2段连消/续转 / 金色符号/百搭转换
连消/掉落,026.json,26,75,金色/百搭,https://fish-games.s3.amazonaws.com/MahjongWays2/index.html?env=ceshislot.osshaiwai.com&hasFloat=0&token=436475c81b51e6893c740657870f86b7&language=en&debug=1&debugDataPath=https://raw.githubusercontent.com/jygameclub/testdataapi/main/mahjong2date/0525_0526&debugStart=26,https://raw.githubusercontent.com/jygameclub/testdataapi/main/mahjong2date/0525_0526/026.json,https://raw.githubusercontent.com/jygameclub/testdataapi/main/mahjong2date/0525_0526,普通中奖,30.00,0.75,2,1,5,5,5,0,0,否,否,是,1,1,672495,672496,1779439137146f0145bae1b54679e257aba4404523f41,1657246.0,1657236.0,2段连消/续转 / 金色符号/百搭转换
连消/掉落,083.json,83,75,金色/百搭,https://fish-games.s3.amazonaws.com/MahjongWays2/index.html?env=ceshislot.osshaiwai.com&hasFloat=0&token=436475c81b51e6893c740657870f86b7&language=en&debug=1&debugDataPath=https://raw.githubusercontent.com/jygameclub/testdataapi/main/mahjong2date/0525_0526&debugStart=83,https://raw.githubusercontent.com/jygameclub/testdataapi/main/mahjong2date/0525_0526/083.json,https://raw.githubusercontent.com/jygameclub/testdataapi/main/mahjong2date/0525_0526,普通中奖,24.00,0.60,2,1,6,6,6,0,0,否,否,是,1,1,672665,672667,1779439385531f0145bae1b54679e257aba4404523f41,1656660.0,1656644.0,2段连消/续转 / 金色符号/百搭转换
连消/掉落,093.json,93,75,金色/百搭,https://fish-games.s3.amazonaws.com/MahjongWays2/index.html?env=ceshislot.osshaiwai.com&hasFloat=0&token=436475c81b51e6893c740657870f86b7&language=en&debug=1&debugDataPath=https://raw.githubusercontent.com/jygameclub/testdataapi/main/mahjong2date/0525_0526&debugStart=93,https://raw.githubusercontent.com/jygameclub/testdataapi/main/mahjong2date/0525_0526/093.json,https://raw.githubusercontent.com/jygameclub/testdataapi/main/mahjong2date/0525_0526,普通中奖,20.00,0.50,3,2,7,8,8,1,1,否,否,是,1,1,673015,673019,1779439938817f0145bae1b54679e257aba4404523f41,1656484.0,1656464.0,3段连消/续转 / 金色符号/百搭转换
连消/掉落,052.json,52,75,金色/百搭,https://fish-games.s3.amazonaws.com/MahjongWays2/index.html?env=ceshislot.osshaiwai.com&hasFloat=0&token=436475c81b51e6893c740657870f86b7&language=en&debug=1&debugDataPath=https://raw.githubusercontent.com/jygameclub/testdataapi/main/mahjong2date/0525_0526&debugStart=52,https://raw.githubusercontent.com/jygameclub/testdataapi/main/mahjong2date/0525_0526/052.json,https://raw.githubusercontent.com/jygameclub/testdataapi/main/mahjong2date/0525_0526,普通中奖,12.00,0.30,2,1,4,4,4,0,0,否,否,是,1,0,672570,672572,1779439248797f0145bae1b54679e257aba4404523f41,1656752.0,1656724.0,2段连消/续转 / 金色符号/百搭转换
连消/掉落,061.json,61,75,金色/百搭,https://fish-games.s3.amazonaws.com/MahjongWays2/index.html?env=ceshislot.osshaiwai.com&hasFloat=0&token=436475c81b51e6893c740657870f86b7&language=en&debug=1&debugDataPath=https://raw.githubusercontent.com/jygameclub/testdataapi/main/mahjong2date/0525_0526&debugStart=61,https://raw.githubusercontent.com/jygameclub/testdataapi/main/mahjong2date/0525_0526/061.json,https://raw.githubusercontent.com/jygameclub/testdataapi/main/mahjong2date/0525_0526,普通中奖,10.00,0.25,2,1,3,3,3,0,0,否,否,是,1,0,672586,672587,1779439283547f0145bae1b54679e257aba4404523f41,1656452.0,1656422.0,2段连消/续转 / 金色符号/百搭转换
连消/掉落,011.json,11,75,金色/百搭,https://fish-games.s3.amazonaws.com/MahjongWays2/index.html?env=ceshislot.osshaiwai.com&hasFloat=0&token=436475c81b51e6893c740657870f86b7&language=en&debug=1&debugDataPath=https://raw.githubusercontent.com/jygameclub/testdataapi/main/mahjong2date/0525_0526&debugStart=11,https://raw.githubusercontent.com/jygameclub/testdataapi/main/mahjong2date/0525_0526/011.json,https://raw.githubusercontent.com/jygameclub/testdataapi/main/mahjong2date/0525_0526,普通中奖,8.00,0.20,2,1,6,6,6,0,0,否,否,是,1,1,672456,672457,1779439080230f0145bae1b54679e257aba4404523f41,1657800.0,1657768.0,2段连消/续转 / 金色符号/百搭转换
连消/掉落,014.json,14,75,金色/百搭,https://fish-games.s3.amazonaws.com/MahjongWays2/index.html?env=ceshislot.osshaiwai.com&hasFloat=0&token=436475c81b51e6893c740657870f86b7&language=en&debug=1&debugDataPath=https://raw.githubusercontent.com/jygameclub/testdataapi/main/mahjong2date/0525_0526&debugStart=14,https://raw.githubusercontent.com/jygameclub/testdataapi/main/mahjong2date/0525_0526/014.json,https://raw.githubusercontent.com/jygameclub/testdataapi/main/mahjong2date/0525_0526,普通中奖,8.00,0.20,2,1,4,5,5,1,1,否,否,是,1,0,672465,672466,1779439095563f0145bae1b54679e257aba4404523f41,1657718.0,1657686.0,2段连消/续转 / 金色符号/百搭转换
连消/掉落,044.json,44,75,金色/百搭,https://fish-games.s3.amazonaws.com/MahjongWays2/index.html?env=ceshislot.osshaiwai.com&hasFloat=0&token=436475c81b51e6893c740657870f86b7&language=en&debug=1&debugDataPath=https://raw.githubusercontent.com/jygameclub/testdataapi/main/mahjong2date/0525_0526&debugStart=44,https://raw.githubusercontent.com/jygameclub/testdataapi/main/mahjong2date/0525_0526/044.json,https://raw.githubusercontent.com/jygameclub/testdataapi/main/mahjong2date/0525_0526,普通中奖,8.00,0.20,2,1,5,5,5,0,0,否,否,是,1,0,672547,672549,1779439212497f0145bae1b54679e257aba4404523f41,1656844.0,1656812.0,2段连消/续转 / 金色符号/百搭转换
连消/掉落,096.json,96,75,金色/百搭,https://fish-games.s3.amazonaws.com/MahjongWays2/index.html?env=ceshislot.osshaiwai.com&hasFloat=0&token=436475c81b51e6893c740657870f86b7&language=en&debug=1&debugDataPath=https://raw.githubusercontent.com/jygameclub/testdataapi/main/mahjong2date/0525_0526&debugStart=96,https://raw.githubusercontent.com/jygameclub/testdataapi/main/mahjong2date/0525_0526/096.json,https://raw.githubusercontent.com/jygameclub/testdataapi/main/mahjong2date/0525_0526,普通中奖,6.00,0.15,2,1,7,7,7,0,0,否,否,是,2,1,673030,673032,1779439957017f0145bae1b54679e257aba4404523f41,1656456.0,1656422.0,2段连消/续转 / 金色符号/百搭转换
连消/掉落,010.json,10,75,金色/百搭,https://fish-games.s3.amazonaws.com/MahjongWays2/index.html?env=ceshislot.osshaiwai.com&hasFloat=0&token=436475c81b51e6893c740657870f86b7&language=en&debug=1&debugDataPath=https://raw.githubusercontent.com/jygameclub/testdataapi/main/mahjong2date/0525_0526&debugStart=10,https://raw.githubusercontent.com/jygameclub/testdataapi/main/mahjong2date/0525_0526/010.json,https://raw.githubusercontent.com/jygameclub/testdataapi/main/mahjong2date/0525_0526,普通中奖,4.00,0.10,2,1,3,4,4,1,1,否,否,是,1,0,672454,672455,1779439074396f0145bae1b54679e257aba4404523f41,1657836.0,1657800.0,2段连消/续转 / 金色符号/百搭转换
连消/掉落,051.json,51,75,金色/百搭,https://fish-games.s3.amazonaws.com/MahjongWays2/index.html?env=ceshislot.osshaiwai.com&hasFloat=0&token=436475c81b51e6893c740657870f86b7&language=en&debug=1&debugDataPath=https://raw.githubusercontent.com/jygameclub/testdataapi/main/mahjong2date/0525_0526&debugStart=51,https://raw.githubusercontent.com/jygameclub/testdataapi/main/mahjong2date/0525_0526/051.json,https://raw.githubusercontent.com/jygameclub/testdataapi/main/mahjong2date/0525_0526,普通中奖,4.00,0.10,2,1,4,4,4,0,0,否,否,是,1,0,672566,672569,1779439242797f0145bae1b54679e257aba4404523f41,1656788.0,1656752.0,2段连消/续转 / 金色符号/百搭转换
连消/掉落,076.json,76,75,金色/百搭,https://fish-games.s3.amazonaws.com/MahjongWays2/index.html?env=ceshislot.osshaiwai.com&hasFloat=0&token=436475c81b51e6893c740657870f86b7&language=en&debug=1&debugDataPath=https://raw.githubusercontent.com/jygameclub/testdataapi/main/mahjong2date/0525_0526&debugStart=76,https://raw.githubusercontent.com/jygameclub/testdataapi/main/mahjong2date/0525_0526/076.json,https://raw.githubusercontent.com/jygameclub/testdataapi/main/mahjong2date/0525_0526,普通中奖,4.00,0.10,2,1,4,4,4,0,0,否,否,是,1,0,672626,672627,1779439337664f0145bae1b54679e257aba4404523f41,1655910.0,1655874.0,2段连消/续转 / 金色符号/百搭转换
